name,category,location,floor,google_maps_search_url,new_google_maps_image_url,notes
% Arabica,เครื่องดื่ม,ICONSIAM,GF,https://www.google.com/maps/search/?api=1&query=%25%20Arabica%20ICONSIAM%20Bangkok%20Thailand,https://maps.app.goo.gl/MG7sSxM5KjbyiTxz5,
An Com An Ca,อาหารเวียดนาม,ICONSIAM,GF,https://www.google.com/maps/search/?api=1&query=An%20Com%20An%20Ca%20ICONSIAM%20Bangkok%20Thailand,https://maps.app.goo.gl/B5FeaRc5rdJnFSL26,
Aron Sawad,อาหารไทย,ICONSIAM,GF,https://www.google.com/maps/search/?api=1&query=Aron%20Sawad%20ICONSIAM%20Bangkok%20Thailand,https://www.facebook.com/apple.oopz.1/posts/%E0%B8%AD%E0%B8%A3%E0%B9%88%E0%B8%AD%E0%B8%A2%E0%B8%88%E0%B8%A3%E0%B8%B4%E0%B8%87-%E0%B8%A3%E0%B9%89%E0%B8%B2%E0%B8%99%E0%B8%AD%E0%B8%A3%E0%B8%B8%E0%B8%93%E0%B8%AA%E0%B8%A7%E0%B8%B1%E0%B8%AA%E0%B8%94%E0%B8%B4%E0%B9%8C-%E0%B8%81%E0%B9%8B%E0%B8%A7%E0%B8%A2%E0%B9%80%E0%B8%95%E0%B8%B5%E0%B9%8B%E0%B8%A2%E0%B8%A7%E0%B8%AB%E0%B8%A1%E0%B8%B9%E0%B8%95%E0%B8%B8%E0%B9%8B%E0%B8%99%E0%B9%80%E0%B8%99%E0%B8%B7%E0%B9%89%E0%B8%AD%E0%B8%95%E0%B8%B8%E0%B9%8B%E0%B8%99%E0%B9%84%E0%B8%AD%E0%B8%84%E0%B8%AD%E0%B8%99%E0%B8%AA%E0%B8%A2%E0%B8%B2%E0%B8%A1%E0%B8%8A%E0%B8%B1%E0%B9%89%E0%B8%99g/10229591576639996/,ร้านอรุณสวัสดิ์ Iconsiam โซนสุขสยาม
Bacha Coffee,เครื่องดื่ม,ICONSIAM,GF,https://www.google.com/maps/search/?api=1&query=Bacha%20Coffee%20ICONSIAM%20Bangkok%20Thailand,https://maps.app.goo.gl/msEmhr4gMQXN513D7,
Bankara Ramen,อาหารญี่ปุ่น,ICONSIAM,GF,https://www.google.com/maps/search/?api=1&query=Bankara%20Ramen%20ICONSIAM%20Bangkok%20Thailand,https://maps.app.goo.gl/PJwXjT1GrRYF4Km8A,
Beans Coffee Roaster,เครื่องดื่ม,ICONSIAM,GF,https://www.google.com/maps/search/?api=1&query=Beans%20Coffee%20Roaster%20ICONSIAM%20Bangkok%20Thailand,https://maps.app.goo.gl/hmbnjat3J2YznzKi7,
Boom Yong Kee,อาหารจีน,ICONSIAM,GF,https://www.google.com/maps/search/?api=1&query=Boom%20Yong%20Kee%20ICONSIAM%20Bangkok%20Thailand,https://maps.app.goo.gl/NBzYByrQdYoqP1se7,BOON TONG KEE @ICON Siam
Boost Juice,เครื่องดื่ม,ICONSIAM,GF,https://www.google.com/maps/search/?api=1&query=Boost%20Juice%20ICONSIAM%20Bangkok%20Thailand,https://maps.app.goo.gl/5vsnXUzw4cBd6CHg7,ร้านปิดไปแล้วเอาออกหน่อย
Bread Papa’s,ขนมหวาน,ICONSIAM,GF,https://www.google.com/maps/search/?api=1&query=Bread%20Papa%E2%80%99s%20ICONSIAM%20Bangkok%20Thailand,https://maps.app.goo.gl/8BetkeLoC7vnz82x6,
BreadTalk,เบเกอรี่,ICONSIAM,GF,https://www.google.com/maps/search/?api=1&query=BreadTalk%20ICONSIAM%20Bangkok%20Thailand,https://maps.app.goo.gl/EipptLovN52FJdG37,
Bubble in the Forest,ขนมหวาน,ICONSIAM,GF,https://www.google.com/maps/search/?api=1&query=Bubble%20in%20the%20Forest%20ICONSIAM%20Bangkok%20Thailand,,ร้านปิดไปแล้วเอาออกหน่อย
Chok Dee Dimsum,อาหารจีน,ICONSIAM,GF,https://www.google.com/maps/search/?api=1&query=Chok%20Dee%20Dimsum%20ICONSIAM%20Bangkok%20Thailand,,ร้านปิดไปแล้วเอาออกหน่อย
Cotton Candy,ขนมหวาน,ICONSIAM,GF,https://www.google.com/maps/search/?api=1&query=Cotton%20Candy%20ICONSIAM%20Bangkok%20Thailand,https://maps.app.goo.gl/mwcKCidkk5G6NAKa9,
DibDib,อาหารไทย,ICONSIAM,GF,https://www.google.com/maps/search/?api=1&query=DibDib%20ICONSIAM%20Bangkok%20Thailand,,ร้านปิดไปแล้วเอาออกหน่อย
Eatpuan,อาหารไทย,ICONSIAM,GF,https://www.google.com/maps/search/?api=1&query=Eatpuan%20ICONSIAM%20Bangkok%20Thailand,https://maps.app.goo.gl/wExtG3Xu9ansKseA9,Eatduan by Nathong ICONSIAM
El Gaucho,อาหารตะวันตก,ICONSIAM,GF,https://www.google.com/maps/search/?api=1&query=El%20Gaucho%20ICONSIAM%20Bangkok%20Thailand,,ร้านปิดไปแล้วเอาออกหน่อย
Fire Tiger by Seoulcial Club,เครื่องดื่ม,ICONSIAM,GF,https://www.google.com/maps/search/?api=1&query=Fire%20Tiger%20by%20Seoulcial%20Club%20ICONSIAM%20Bangkok%20Thailand,https://maps.app.goo.gl/dAC5mUQdFELL5opB6,
Gaeng Sod,อาหารไทย,ICONSIAM,GF,https://www.google.com/maps/search/?api=1&query=Gaeng%20Sod%20ICONSIAM%20Bangkok%20Thailand,https://maps.app.goo.gl/L6s7VzQnGa7Xqdi36,
Haruka Sushi Grill & Bar,อาหารญี่ปุ่น,ICONSIAM,GF,https://www.google.com/maps/search/?api=1&query=Haruka%20Sushi%20Grill%20%26%20Bar%20ICONSIAM%20Bangkok%20Thailand,,ร้านปิดไปแล้วเอาออกหน่อย
Have a Zeed,อาหารไทย,ICONSIAM,GF,https://www.google.com/maps/search/?api=1&query=Have%20a%20Zeed%20ICONSIAM%20Bangkok%20Thailand,"https://www.google.com/maps/preview/place/Have+A+Zeed+-+Icon+Siam,+Charoen+Nakhon,+%E0%B9%81%E0%B8%82%E0%B8%A7%E0%B8%87%E0%B8%84%E0%B8%A5%E0%B8%AD%E0%B8%87%E0%B8%95%E0%B9%89%E0%B8%99%E0%B9%84%E0%B8%97%E0%B8%A3+Klongsan,+%E0%B8%81%E0%B8%A3%E0%B8%B8%E0%B8%87%E0%B9%80%E0%B8%97%E0%B8%9E%E0%B8%A1%E0%B8%AB%E0%B8%B2%E0%B8%99%E0%B8%84%E0%B8%A3+10600/@13.7264939,100.5106438,3876a,13.1y/data=!4m2!3m1!1s0x30e299239dc86c07:0xa434fd804ef57c28",ตรวจซ้ำแล้ว: พบ Google Maps และแหล่งข้อมูลปัจจุบันของ Have A Zeed สาขา ICONSIAM ชั้น 6
Henri Charpentier,ขนมหวาน,ICONSIAM,GF,https://www.google.com/maps/search/?api=1&query=Henri%20Charpentier%20ICONSIAM%20Bangkok%20Thailand,"https://www.google.com/maps/preview/place/HENRI+CHARPENTIER+(ICON+SIAM),+299+%E0%B8%96.+%E0%B9%80%E0%B8%88%E0%B8%A3%E0%B8%B4%E0%B8%8D%E0%B8%99%E0%B8%84%E0%B8%A3+%E0%B9%81%E0%B8%82%E0%B8%A7%E0%B8%87%E0%B8%84%E0%B8%A5%E0%B8%AD%E0%B8%87%E0%B8%95%E0%B9%89%E0%B8%99%E0%B9%84%E0%B8%97%E0%B8%A3+%E0%B8%84%E0%B8%A5%E0%B8%AD%E0%B8%87%E0%B8%AA%E0%B8%B2%E0%B8%99+%E0%B8%81%E0%B8%A3%E0%B8%B8%E0%B8%87%E0%B9%80%E0%B8%97%E0%B8%9E%E0%B8%A1%E0%B8%AB%E0%B8%B2%E0%B8%99%E0%B8%84%E0%B8%A3+10600/@13.7263942,100.5101509,3876a,13.1y/data=!4m2!3m1!1s0x30e2997aaefc1e45:0xb815cdf663281eae",พบ Google Maps สาขา GF
Hitori Shabu,อาหารญี่ปุ่น,ICONSIAM,GF,https://www.google.com/maps/search/?api=1&query=Hitori%20Shabu%20ICONSIAM%20Bangkok%20Thailand,"https://www.google.com/maps/preview/place/HITORI+SHABU+%E0%B8%AA%E0%B8%B2%E0%B8%82%E0%B8%B2+ICONSIAM+299+%E0%B8%AD%E0%B8%B2%E0%B8%84%E0%B8%B2%E0%B8%A3%E0%B8%A8%E0%B8%B9%E0%B8%99%E0%B8%A2%E0%B9%8C%E0%B8%81%E0%B8%B2%E0%B8%A3%E0%B8%84%E0%B9%89%E0%B8%B2%E0%B9%84%E0%B8%AD%E0%B8%84%E0%B8%AD%E0%B8%99%E0%B8%AA%E0%B8%A2%E0%B8%B2%E0%B8%A1+4+fl.,+ICON+EATS+Zone+%E0%B8%AB%E0%B9%89%E0%B8%AD%E0%B8%87%E0%B9%80%E0%B8%A5%E0%B8%82%E0%B8%97%E0%B8%B5%E0%B9%88+401%2F2+%E0%B8%8A%E0%B8%B1%E0%B9%89%E0%B8%99%E0%B8%97%E0%B8%B5%E0%B9%88+4+%E0%B8%96.+%E0%B9%80%E0%B8%88%E0%B8%A3%E0%B8%B4%E0%B8%8D%E0%B8%99%E0%B8%84%E0%B8%A3+%E0%B9%81%E0%B8%82%E0%B8%A7%E0%B8%87%E0%B8%84%E0%B8%A5%E0%B8%AD%E0%B8%87%E0%B8%95%E0%B9%89%E0%B8%99%E0%B9%84%E0%B8%97%E0%B8%A3+%E0%B8%84%E0%B8%A5%E0%B8%AD%E0%B8%87%E0%B8%AA%E0%B8%B2%E0%B8%99+%E0%B8%81%E0%B8%A3%E0%B8%B8%E0%B8%87%E0%B9%80%E0%B8%97%E0%B8%9E%E0%B8%A1%E0%B8%AB%E0%B8%B2%E0%B8%99%E0%B8%84%E0%B8%A3+10600/@13.7263944,100.5106157,3876a,13.1y/data=!4m2!3m1!1s0x30e2990993eb1ea7:0x4d0bcb8a3de33efa",พบ Google Maps สาขา GF
Ipudo,อาหารญี่ปุ่น,ICONSIAM,GF,https://www.google.com/maps/search/?api=1&query=Ipudo%20ICONSIAM%20Bangkok%20Thailand,"https://www.google.com/maps/preview/place/IPPUDO+IconSiam+%E0%B8%AB%E0%B9%89%E0%B8%AD%E0%B8%87+R608+%E0%B8%8A%E0%B8%B1%E0%B9%89%E0%B8%996+%E0%B8%A8%E0%B8%B9%E0%B8%99%E0%B8%A2%E0%B9%8C%E0%B8%81%E0%B8%B2%E0%B8%A3%E0%B8%84%E0%B9%89%E0%B8%B2%E0%B9%84%E0%B8%AD%E0%B8%84%E0%B8%AD%E0%B8%99%E0%B8%AA%E0%B8%A2%E0%B8%B2%E0%B8%A1+%E0%B8%96.+%E0%B9%80%E0%B8%88%E0%B8%A3%E0%B8%B4%E0%B8%8D%E0%B8%99%E0%B8%84%E0%B8%A3+%E0%B9%81%E0%B8%82%E0%B8%A7%E0%B8%87%E0%B8%84%E0%B8%A5%E0%B8%AD%E0%B8%87%E0%B8%95%E0%B9%89%E0%B8%99%E0%B9%84%E0%B8%97%E0%B8%A3+%E0%B8%84%E0%B8%A5%E0%B8%AD%E0%B8%87%E0%B8%AA%E0%B8%B2%E0%B8%99+%E0%B8%81%E0%B8%A3%E0%B8%B8%E0%B8%87%E0%B9%80%E0%B8%97%E0%B8%9E%E0%B8%A1%E0%B8%AB%E0%B8%B2%E0%B8%99%E0%B8%84%E0%B8%A3+10600/@13.7262647,100.5101609,3876a,13.1y/data=!4m2!3m1!1s0x30e299d86b441a99:0x33f103e1d29ce47c",ชื่อที่พบ: IPPUDO IconSiam
Jae Daeng Samyan,อาหารไทย,ICONSIAM,GF,https://www.google.com/maps/search/?api=1&query=Jae%20Daeng%20Samyan%20ICONSIAM%20Bangkok%20Thailand,"https://www.google.com/maps/preview/place/%E0%B9%80%E0%B8%88%E0%B9%8A%E0%B9%81%E0%B8%94%E0%B8%87+%E0%B8%AA%E0%B8%B2%E0%B8%A1%E0%B8%A2%E0%B9%88%E0%B8%B2%E0%B8%99+(%E0%B9%84%E0%B8%AD%E0%B8%84%E0%B8%AD%E0%B8%99%E0%B8%AA%E0%B8%A2%E0%B8%B2%E0%B8%A1)+299+ICONSIAM+%E0%B8%AB%E0%B9%89%E0%B8%AD%E0%B8%87%E0%B9%80%E0%B8%A5%E0%B8%82%E0%B8%97%E0%B8%B5%E0%B9%88+CGF03%2FA01,02+%E0%B8%8A%E0%B8%B1%E0%B9%89%E0%B8%99+G+%E0%B9%82%E0%B8%8B%E0%B8%99%E0%B8%AA%E0%B8%B8%E0%B8%82%E0%B8%AA%E0%B8%A2%E0%B8%B2%E0%B8%A1,+%E0%B8%96.+%E0%B9%80%E0%B8%88%E0%B8%A3%E0%B8%B4%E0%B8%8D%E0%B8%99%E0%B8%84%E0%B8%A3+%E0%B9%81%E0%B8%82%E0%B8%A7%E0%B8%87%E0%B8%84%E0%B8%A5%E0%B8%AD%E0%B8%87%E0%B8%95%E0%B9%89%E0%B8%99%E0%B9%84%E0%B8%97%E0%B8%A3+%E0%B8%84%E0%B8%A5%E0%B8%AD%E0%B8%87%E0%B8%AA%E0%B8%B2%E0%B8%99+%E0%B8%81%E0%B8%A3%E0%B8%B8%E0%B8%87%E0%B9%80%E0%B8%97%E0%B8%9E%E0%B8%A1%E0%B8%AB%E0%B8%B2%E0%B8%99%E0%B8%84%E0%B8%A3+10600/@13.7264086,100.5095682,3876a,13.1y/data=!4m2!3m1!1s0x30e2991f2cf5432f:0x16116fc35c55e62c",ชื่อที่พบ: เจ๊แดง สามย่าน (ไอคอนสยาม)
Kamu Hokkaido Dining,อาหารญี่ปุ่น,ICONSIAM,GF,https://www.google.com/maps/search/?api=1&query=Kamu%20Hokkaido%20Dining%20ICONSIAM%20Bangkok%20Thailand,"https://www.google.com/maps/preview/place/Kamui+Hokkaido+Dining+@Rose+Dining+Siam+Takashimaya,+Iconsiam+ICONSIAM+4Floor+299+%E0%B8%AD%E0%B8%B2%E0%B8%84%E0%B8%B2%E0%B8%A3%E0%B8%A8%E0%B8%B9%E0%B8%99%E0%B8%A2%E0%B9%8C%E0%B8%81%E0%B8%B2%E0%B8%A3%E0%B8%84%E0%B9%89%E0%B8%B2%E0%B9%84%E0%B8%AD%E0%B8%84%E0%B8%AD%E0%B8%99%E0%B8%AA%E0%B8%A2%E0%B8%B2%E0%B8%A1,+%E0%B8%96.+%E0%B9%80%E0%B8%88%E0%B8%A3%E0%B8%B4%E0%B8%8D%E0%B8%99%E0%B8%84%E0%B8%A3+%E0%B9%81%E0%B8%82%E0%B8%A7%E0%B8%87%E0%B8%84%E0%B8%A5%E0%B8%AD%E0%B8%87%E0%B8%95%E0%B9%89%E0%B8%99%E0%B9%84%E0%B8%97%E0%B8%A3+%E0%B8%84%E0%B8%A5%E0%B8%AD%E0%B8%87%E0%B8%AA%E0%B8%B2%E0%B8%99+%E0%B8%81%E0%B8%A3%E0%B8%B8%E0%B8%87%E0%B9%80%E0%B8%97%E0%B8%9E%E0%B8%A1%E0%B8%AB%E0%B8%B2%E0%B8%99%E0%B8%84%E0%B8%A3+10600/@13.7267418,100.509633,3876a,13.1y/data=!4m2!3m1!1s0x30e299d1b27e47d3:0xb6253e9140e542f1",ชื่อที่พบ: Kamui Hokkaido Dining
Katei Thai Boat Noodles,อาหารไทย,ICONSIAM,GF,https://www.google.com/maps/search/?api=1&query=Katei%20Thai%20Boat%20Noodles%20ICONSIAM%20Bangkok%20Thailand,"https://www.google.com/maps/preview/place/%E0%B9%80%E0%B8%81%E0%B8%A8%E0%B9%80%E0%B8%95%E0%B8%B5%E0%B9%8B%E0%B8%A2%E0%B8%A7+%E0%B8%81%E0%B9%8B%E0%B8%A7%E0%B8%A2%E0%B9%80%E0%B8%95%E0%B8%B5%E0%B9%8B%E0%B8%A2%E0%B8%A7%E0%B9%80%E0%B8%A3%E0%B8%B7%E0%B8%AD+%E2%80%93+%E0%B9%84%E0%B8%AD%E0%B8%84%E0%B8%AD%E0%B8%99%E0%B8%AA%E0%B8%A2%E0%B8%B2%E0%B8%A1+%E0%B8%8A%E0%B8%B1%E0%B9%89%E0%B8%99+6+(Kate+Teaw+Boat+Noodles+ICONSIAM)+299+%E0%B8%96.+%E0%B9%80%E0%B8%88%E0%B8%A3%E0%B8%B4%E0%B8%8D%E0%B8%99%E0%B8%84%E0%B8%A3+%E0%B9%81%E0%B8%82%E0%B8%A7%E0%B8%87%E0%B8%84%E0%B8%A5%E0%B8%AD%E0%B8%87%E0%B8%95%E0%B9%89%E0%B8%99%E0%B9%84%E0%B8%97%E0%B8%A3+%E0%B8%84%E0%B8%A5%E0%B8%AD%E0%B8%87%E0%B8%AA%E0%B8%B2%E0%B8%99+%E0%B8%81%E0%B8%A3%E0%B8%B8%E0%B8%87%E0%B9%80%E0%B8%97%E0%B8%9E%E0%B8%A1%E0%B8%AB%E0%B8%B2%E0%B8%99%E0%B8%84%E0%B8%A3+10600/@13.7262171,100.5106291,3876a,13.1y/data=!4m2!3m1!1s0x30e2998f2e7e2163:0x4e17397298cc4999",ชื่อที่พบ: เกศเตี๋ยว / Kate Teaw Boat Noodles ICONSIAM ชั้น 6
Katsukura,อาหารญี่ปุ่น,ICONSIAM,GF,https://www.google.com/maps/search/?api=1&query=Katsukura%20ICONSIAM%20Bangkok%20Thailand,"https://www.google.com/maps/preview/place/%E0%B8%8A%E0%B8%B1%E0%B9%89%E0%B8%99+4+%E0%B8%84%E0%B8%B1%E0%B8%95%E0%B8%AA%E0%B8%B6%E0%B8%84%E0%B8%B8%E0%B8%A3%E0%B8%B0+(%E0%B9%84%E0%B8%AD%E0%B8%84%E0%B8%AD%E0%B8%99%E0%B8%AA%E0%B8%A2%E0%B8%B2%E0%B8%A1)+%E0%B9%84%E0%B8%AD%E0%B8%84%E0%B8%AD%E0%B8%99%E0%B8%AA%E0%B8%A2%E0%B8%B2%E0%B8%A1+299+%E0%B8%96.+%E0%B9%80%E0%B8%88%E0%B8%A3%E0%B8%B4%E0%B8%8D%E0%B8%99%E0%B8%84%E0%B8%A3+%E0%B9%81%E0%B8%82%E0%B8%A7%E0%B8%87%E0%B8%9A%E0%B8%B2%E0%B8%87%E0%B8%A5%E0%B8%B3%E0%B8%A0%E0%B8%B9%E0%B8%A5%E0%B9%88%E0%B8%B2%E0%B8%87+%E0%B8%84%E0%B8%A5%E0%B8%AD%E0%B8%87%E0%B8%AA%E0%B8%B2%E0%B8%99+%E0%B8%81%E0%B8%A3%E0%B8%B8%E0%B8%87%E0%B9%80%E0%B8%97%E0%B8%9E%E0%B8%A1%E0%B8%AB%E0%B8%B2%E0%B8%99%E0%B8%84%E0%B8%A3+10600/@13.7264814,100.509947,3876a,13.1y/data=!4m2!3m1!1s0x30e299e7c76f00fb:0x27c3bff3ea764286",พบ Google Maps สาขา GF
Khao Soi Lam Duan Fa Ham,อาหารไทย,ICONSIAM,GF,https://www.google.com/maps/search/?api=1&query=Khao%20Soi%20Lam%20Duan%20Fa%20Ham%20ICONSIAM%20Bangkok%20Thailand,"https://www.google.com/maps/preview/place/Khao+Soi+Lamduan,+Icon,+%E0%B9%81%E0%B8%82%E0%B8%A7%E0%B8%87%E0%B8%84%E0%B8%A5%E0%B8%AD%E0%B8%87%E0%B8%95%E0%B9%89%E0%B8%99%E0%B9%84%E0%B8%97%E0%B8%A3+%E0%B8%84%E0%B8%A5%E0%B8%AD%E0%B8%87%E0%B8%AA%E0%B8%B2%E0%B8%99+%E0%B8%81%E0%B8%A3%E0%B8%B8%E0%B8%87%E0%B9%80%E0%B8%97%E0%B8%9E%E0%B8%A1%E0%B8%AB%E0%B8%B2%E0%B8%99%E0%B8%84%E0%B8%A3+10600/@13.726498,100.5100807,3876a,13.1y/data=!4m2!3m1!1s0x30e299e2d4d8bd1f:0x7d5e460247d5e4a7",ชื่อที่พบ: Khao Soi Lamduan
Khao-Sō-i,อาหารไทย,ICONSIAM,GF,https://www.google.com/maps/search/?api=1&query=Khao-S%C5%8D-i%20ICONSIAM%20Bangkok%20Thailand,"https://www.google.com/maps/preview/place/%E0%B8%82%E0%B9%89%E0%B8%B2%E0%B8%A7%E0%B9%82%E0%B8%8B%E0%B8%AD%E0%B8%B4+KHAO-SO-i+ICONSIAM,+%E0%B8%A8%E0%B8%B9%E0%B8%99%E0%B8%A2%E0%B9%8C%E0%B8%81%E0%B8%B2%E0%B8%A3%E0%B8%84%E0%B9%89%E0%B8%B2%E0%B9%84%E0%B8%AD%E0%B8%84%E0%B8%AD%E0%B8%99%E0%B8%AA%E0%B8%A2%E0%B8%B2%E0%B8%A1,+%E0%B8%AB%E0%B9%89%E0%B8%AD%E0%B8%87+G13,+VUG13+%E0%B9%80%E0%B8%A5%E0%B8%82%E0%B8%97%E0%B8%B5%E0%B9%88299+%E0%B8%AD%E0%B8%B2%E0%B8%84%E0%B8%B2%E0%B8%A3,+%E0%B8%96.+%E0%B9%80%E0%B8%88%E0%B8%A3%E0%B8%B4%E0%B8%8D%E0%B8%99%E0%B8%84%E0%B8%A3+%E0%B9%81%E0%B8%82%E0%B8%A7%E0%B8%87%E0%B8%84%E0%B8%A5%E0%B8%AD%E0%B8%87%E0%B8%95%E0%B9%89%E0%B8%99%E0%B9%84%E0%B8%97%E0%B8%A3,+%E0%B8%84%E0%B8%A5%E0%B8%AD%E0%B8%87%E0%B8%AA%E0%B8%B2%E0%B8%99+%E0%B8%81%E0%B8%A3%E0%B8%B8%E0%B8%87%E0%B9%80%E0%B8%97%E0%B8%9E%E0%B8%A1%E0%B8%AB%E0%B8%B2%E0%B8%99%E0%B8%84%E0%B8%A3+10600/@13.7265574,100.5110809,3876a,13.1y/data=!4m2!3m1!1s0x30e2996790182fe1:0x54fe8df8f6a6072c",พบ Google Maps สาขา GF
Kissyan,อาหารญี่ปุ่น,ICONSIAM,GF,https://www.google.com/maps/search/?api=1&query=Kissyan%20ICONSIAM%20Bangkok%20Thailand,"https://www.google.com/maps/preview/place/Kissyan,+%E0%B9%81%E0%B8%82%E0%B8%A7%E0%B8%87%E0%B8%84%E0%B8%A5%E0%B8%AD%E0%B8%87%E0%B8%95%E0%B9%89%E0%B8%99%E0%B9%84%E0%B8%97%E0%B8%A3+%E0%B8%84%E0%B8%A5%E0%B8%AD%E0%B8%87%E0%B8%AA%E0%B8%B2%E0%B8%99+%E0%B8%81%E0%B8%A3%E0%B8%B8%E0%B8%87%E0%B9%80%E0%B8%97%E0%B8%9E%E0%B8%A1%E0%B8%AB%E0%B8%B2%E0%B8%99%E0%B8%84%E0%B8%A3+10600/@13.7272798,100.5098668,3876a,13.1y/data=!4m2!3m1!1s0x30e299d6c6b2247b:0xf3d77550c511553f",พบ Google Maps สาขา GF
Kyo Roll En,ขนมหวาน,ICONSIAM,GF,https://www.google.com/maps/search/?api=1&query=Kyo%20Roll%20En%20ICONSIAM%20Bangkok%20Thailand,,ร้านปิดไปแล้วเอาออกหน่อย
Kyoto Uji Saryo,ขนมหวาน,ICONSIAM,GF,https://www.google.com/maps/search/?api=1&query=Kyoto%20Uji%20Saryo%20ICONSIAM%20Bangkok%20Thailand,"https://www.google.com/maps/preview/place/%E0%B9%80%E0%B8%81%E0%B8%B5%E0%B8%A2%E0%B8%A7%E0%B9%82%E0%B8%95+%E0%B8%AD%E0%B8%B8%E0%B8%88%E0%B8%B4+%E0%B8%8B%E0%B8%B2%E0%B9%80%E0%B8%A3%E0%B8%B5%E0%B8%A2%E0%B8%A7+Siam+Takashimaya+-+ICONSIAM+Shopping+Center,+Unit+G10,+G+Floor+299+%E0%B8%96.+%E0%B9%80%E0%B8%88%E0%B8%A3%E0%B8%B4%E0%B8%8D%E0%B8%99%E0%B8%84%E0%B8%A3+%E0%B9%81%E0%B8%82%E0%B8%A7%E0%B8%87%E0%B8%84%E0%B8%A5%E0%B8%AD%E0%B8%87%E0%B8%95%E0%B9%89%E0%B8%99%E0%B9%84%E0%B8%97%E0%B8%A3+%E0%B8%84%E0%B8%A5%E0%B8%AD%E0%B8%87%E0%B8%AA%E0%B8%B2%E0%B8%99+%E0%B8%81%E0%B8%A3%E0%B8%B8%E0%B8%87%E0%B9%80%E0%B8%97%E0%B8%9E%E0%B8%A1%E0%B8%AB%E0%B8%B2%E0%B8%99%E0%B8%84%E0%B8%A3+10600/@13.7272502,100.5096959,3876a,13.1y/data=!4m2!3m1!1s0x30e299611375919f:0x6bff8307a1b7eadb",พบ Google Maps สาขา GF
Laem Charoen Seafood,อาหารไทย,ICONSIAM,GF,https://www.google.com/maps/search/?api=1&query=Laem%20Charoen%20Seafood%20ICONSIAM%20Bangkok%20Thailand,"https://www.google.com/maps/preview/place/Room+514+5th+floor,+%E0%B9%81%E0%B8%AB%E0%B8%A5%E0%B8%A1%E0%B9%80%E0%B8%88%E0%B8%A3%E0%B8%B4%E0%B8%8D%E0%B8%8B%E0%B8%B5%E0%B8%9F%E0%B8%B9%E0%B9%89%E0%B8%94+%E0%B9%84%E0%B8%AD%E0%B8%84%E0%B8%AD%E0%B8%99%E0%B8%AA%E0%B8%A2%E0%B8%B2%E0%B8%A1+ICONSIAM+Building,+299%2F2+%E0%B8%96.+%E0%B9%80%E0%B8%88%E0%B8%A3%E0%B8%B4%E0%B8%8D%E0%B8%99%E0%B8%84%E0%B8%A3+%E0%B9%81%E0%B8%82%E0%B8%A7%E0%B8%87%E0%B8%84%E0%B8%A5%E0%B8%AD%E0%B8%87%E0%B8%95%E0%B9%89%E0%B8%99%E0%B9%84%E0%B8%97%E0%B8%A3+%E0%B8%84%E0%B8%A5%E0%B8%AD%E0%B8%87%E0%B8%AA%E0%B8%B2%E0%B8%99+%E0%B8%81%E0%B8%A3%E0%B8%B8%E0%B8%87%E0%B9%80%E0%B8%97%E0%B8%9E%E0%B8%A1%E0%B8%AB%E0%B8%B2%E0%B8%99%E0%B8%84%E0%B8%A3+10600/@13.7266319,100.510866,3876a,13.1y/data=!4m2!3m1!1s0x30e299df80fda833:0x732a461483595e51",พบ Google Maps สาขา GF
Leng Saab by Zaab Eli,อาหารไทย,ICONSIAM,GF,https://www.google.com/maps/search/?api=1&query=Leng%20Saab%20by%20Zaab%20Eli%20ICONSIAM%20Bangkok%20Thailand,"https://www.google.com/maps/preview/place/Leng+Zab+by+Yai+Gee+ICONSIAM+%E0%B9%80%E0%B8%A5%E0%B9%89%E0%B8%87%E0%B9%81%E0%B8%8B%E0%B9%88%E0%B8%9A+by+%E0%B8%A2%E0%B8%B2%E0%B8%A2%E0%B8%88%E0%B8%B5%E0%B9%88+ICONSIAM+%E0%B8%8A%E0%B8%B1%E0%B9%89%E0%B8%99+G+%E0%B8%AA%E0%B8%B8%E0%B8%82%E0%B8%AA%E0%B8%A2%E0%B8%B2%E0%B8%A1+%E0%B9%82%E0%B8%8B%E0%B8%99+%E0%B8%A0%E0%B8%B2%E0%B8%84%E0%B8%AD%E0%B8%B5%E0%B8%AA%E0%B8%B2%E0%B8%99+%E0%B9%81%E0%B8%82%E0%B8%A7%E0%B8%87%E0%B8%84%E0%B8%A5%E0%B8%AD%E0%B8%87%E0%B8%95%E0%B9%89%E0%B8%99%E0%B9%84%E0%B8%97%E0%B8%A3+%E0%B8%84%E0%B8%A5%E0%B8%AD%E0%B8%87%E0%B8%AA%E0%B8%B2%E0%B8%99+%E0%B8%81%E0%B8%A3%E0%B8%B8%E0%B8%87%E0%B9%80%E0%B8%97%E0%B8%9E%E0%B8%A1%E0%B8%AB%E0%B8%B2%E0%B8%99%E0%B8%84%E0%B8%A3+10600/@13.7262186,100.5104528,3876a,13.1y/data=!4m2!3m1!1s0x30e299a68c61f90b:0xa9beddc15d1e2b2d",ชื่อที่พบ: Leng Zab by Yai Gee ICONSIAM
Maneki Dining,อาหารญี่ปุ่น,ICONSIAM,GF,https://www.google.com/maps/search/?api=1&query=Maneki%20Dining%20ICONSIAM%20Bangkok%20Thailand,https://www.wongnai.com/restaurants/390524AE-maneki-dining-siam-takashimaya-g-floor-in-iconsiam,ไม่พบ Google Maps; ใช้หน้าร้าน Wongnai ที่ระบุ Siam Takashimaya/ICONSIAM
Masa-Otari,อาหารญี่ปุ่น,ICONSIAM,GF,https://www.google.com/maps/search/?api=1&query=Masa-Otari%20ICONSIAM%20Bangkok%20Thailand,"https://www.google.com/maps/preview/place/MASA+-+Otaru+Masazushi+ICONSIAM+%E0%B8%9D%E0%B8%B1%E0%B9%88%E0%B8%87+SIAM+TAKASHIMAYA+%E0%B8%8A%E0%B8%B1%E0%B9%89%E0%B8%994+%E0%B9%82%E0%B8%8B%E0%B8%99+Rosedining+299+%E0%B8%8B%E0%B8%AD%E0%B8%A2+%E0%B9%80%E0%B8%88%E0%B8%A3%E0%B8%B4%E0%B8%8D%E0%B8%99%E0%B8%84%E0%B8%A3+5+%E0%B9%81%E0%B8%82%E0%B8%A7%E0%B8%87%E0%B8%84%E0%B8%A5%E0%B8%AD%E0%B8%87%E0%B8%95%E0%B9%89%E0%B8%99%E0%B9%84%E0%B8%97%E0%B8%A3+%E0%B8%84%E0%B8%A5%E0%B8%AD%E0%B8%87%E0%B8%AA%E0%B8%B2%E0%B8%99+%E0%B8%81%E0%B8%A3%E0%B8%B8%E0%B8%87%E0%B9%80%E0%B8%97%E0%B8%9E%E0%B8%A1%E0%B8%AB%E0%B8%B2%E0%B8%99%E0%B8%84%E0%B8%A3+10600/@13.7266325,100.5101514,3876a,13.1y/data=!4m2!3m1!1s0x30e299e11f37e86d:0xa7fd60acbac46da5",ชื่อที่พบ: MASA - Otaru Masazushi
MK Bao Mallang,อาหารจีน,ICONSIAM,GF,https://www.google.com/maps/search/?api=1&query=MK%20Bao%20Mallang%20ICONSIAM%20Bangkok%20Thailand,,ร้านปิดไปแล้วเอาออกหน่อย
MK Live,อาหารจีน,ICONSIAM,GF,https://www.google.com/maps/search/?api=1&query=MK%20Live%20ICONSIAM%20Bangkok%20Thailand,"https://www.google.com/maps/preview/place/FL.5,+%E0%B8%A3%E0%B9%89%E0%B8%B2%E0%B8%99%E0%B8%AD%E0%B8%B2%E0%B8%AB%E0%B8%B2%E0%B8%A3+%E0%B9%80%E0%B8%AD%E0%B9%87%E0%B8%A1%E0%B9%80%E0%B8%84+%E0%B9%84%E0%B8%A5%E0%B8%9F%E0%B9%8C+%E0%B9%84%E0%B8%AD%E0%B8%84%E0%B8%AD%E0%B8%99%E0%B8%AA%E0%B8%A2%E0%B8%B2%E0%B8%A1+%E0%B9%84%E0%B8%AD%E0%B8%84%E0%B8%AD%E0%B8%99%E0%B8%AA%E0%B8%A2%E0%B8%B2%E0%B8%A1+%E0%B8%96.+%E0%B9%80%E0%B8%88%E0%B8%A3%E0%B8%B4%E0%B8%8D%E0%B8%99%E0%B8%84%E0%B8%A3+%E0%B9%81%E0%B8%82%E0%B8%A7%E0%B8%87%E0%B8%84%E0%B8%A5%E0%B8%AD%E0%B8%87%E0%B8%95%E0%B9%89%E0%B8%99%E0%B9%84%E0%B8%97%E0%B8%A3+%E0%B8%84%E0%B8%A5%E0%B8%AD%E0%B8%87%E0%B8%AA%E0%B8%B2%E0%B8%99+%E0%B8%81%E0%B8%A3%E0%B8%B8%E0%B8%87%E0%B9%80%E0%B8%97%E0%B8%9E%E0%B8%A1%E0%B8%AB%E0%B8%B2%E0%B8%99%E0%B8%84%E0%B8%A3+10600/@13.7268136,100.5105414,3876a,13.1y/data=!4m2!3m1!1s0x30e2991884cc6369:0x2f97ef487bad6e95",พบ Google Maps สาขา GF
MT Toast House,ขนมหวาน,ICONSIAM,GF,https://www.google.com/maps/search/?api=1&query=MT%20Toast%20House%20ICONSIAM%20Bangkok%20Thailand,"https://www.google.com/maps/preview/place/Mil+Toast+House+%EB%B0%80%ED%86%A0%EC%8A%A4%ED%8A%B8%EC%A7%91+-+ICONSIAM+%E0%B9%80%E0%B8%A5%E0%B8%82%E0%B8%97%E0%B8%B5%E0%B9%88+299+%E0%B8%A8%E0%B8%B9%E0%B8%99%E0%B8%A2%E0%B9%8C%E0%B8%81%E0%B8%B2%E0%B8%A3%E0%B8%84%E0%B9%89%E0%B8%B2%E0%B9%84%E0%B8%AD%E0%B8%84%E0%B8%AD%E0%B8%99%E0%B8%AA%E0%B8%A2%E0%B8%B2%E0%B8%A1+%E0%B8%AB%E0%B9%89%E0%B8%AD%E0%B8%87%E0%B9%80%E0%B8%A5%E0%B8%82%E0%B8%97%E0%B8%B5%E0%B9%88+602+%E0%B8%8A%E0%B8%B1%E0%B9%89%E0%B8%99+6+%E0%B9%81%E0%B8%82%E0%B8%A7%E0%B8%87%E0%B8%84%E0%B8%A5%E0%B8%AD%E0%B8%87%E0%B8%95%E0%B9%89%E0%B8%99%E0%B9%84%E0%B8%97%E0%B8%A3+%E0%B8%84%E0%B8%A5%E0%B8%AD%E0%B8%87%E0%B8%AA%E0%B8%B2%E0%B8%99+%E0%B8%81%E0%B8%A3%E0%B8%B8%E0%B8%87%E0%B9%80%E0%B8%97%E0%B8%9E%E0%B8%A1%E0%B8%AB%E0%B8%B2%E0%B8%99%E0%B8%84%E0%B8%A3+10600/@13.7262646,100.5103789,3876a,13.1y/data=!4m2!3m1!1s0x30e2997a55c05391:0x80ffbaee2f59d90c",ชื่อที่พบ: Mil Toast House ICONSIAM
Muffin,เบเกอรี่,ICONSIAM,GF,https://www.google.com/maps/search/?api=1&query=Muffin%20ICONSIAM%20Bangkok%20Thailand,,ร้านปิดไปแล้วเอาออกหน่อย
Nippon Japanese Restaurant,อาหารญี่ปุ่น,ICONSIAM,GF,https://www.google.com/maps/search/?api=1&query=Nippon%20Japanese%20Restaurant%20ICONSIAM%20Bangkok%20Thailand,"https://www.google.com/maps/preview/place/Nippon+Kai+Market+%E0%B8%A8%E0%B8%B9%E0%B8%99%E0%B8%A2%E0%B9%8C%E0%B8%81%E0%B8%B2%E0%B8%A3%E0%B8%84%E0%B9%89%E0%B8%B2%E0%B9%84%E0%B8%AD%E0%B8%84%E0%B8%AD%E0%B8%99%E0%B8%AA%E0%B8%A2%E0%B8%B2%E0%B8%A1+299+%E0%B8%8B%E0%B8%AD%E0%B8%A2%E0%B9%80%E0%B8%88%E0%B8%A3%E0%B8%B4%E0%B8%8D%E0%B8%99%E0%B8%84%E0%B8%A3+5+%E0%B8%96%E0%B8%99%E0%B8%99+%E0%B9%80%E0%B8%88%E0%B8%A3%E0%B8%B4%E0%B8%8D%E0%B8%99%E0%B8%84%E0%B8%A3+%E0%B8%8A%E0%B8%B1%E0%B9%89%E0%B8%99+g+%E0%B8%84%E0%B8%A5%E0%B8%AD%E0%B8%87%E0%B8%95%E0%B9%89%E0%B8%99%E0%B9%84%E0%B8%97%E0%B8%A3+%E0%B8%84%E0%B8%A5%E0%B8%AD%E0%B8%87%E0%B8%AA%E0%B8%B2%E0%B8%99+%E0%B8%81%E0%B8%A3%E0%B8%B8%E0%B8%87%E0%B9%80%E0%B8%97%E0%B8%9E%E0%B8%A1%E0%B8%AB%E0%B8%B2%E0%B8%99%E0%B8%84%E0%B8%A3+10600/@13.7276518,100.5110206,3876a,13.1y/data=!4m2!3m1!1s0x30e2990cedc0eb5b:0x7e6ae0d8608a5c8e",ชื่อที่พบ: Nippon Kai Market
Omi by Teppan,อาหารญี่ปุ่น,ICONSIAM,GF,https://www.google.com/maps/search/?api=1&query=Omi%20by%20Teppan%20ICONSIAM%20Bangkok%20Thailand,https://teppenthailand.co.th/branch/omakase-don-by-teppen/,ไม่พบ Google Maps; ชื่อที่พบ: Omakase Don by Teppen (เว็บไซต์ทางการระบุ ICONSIAM ชั้น G)
One to Two,เครื่องดื่ม,ICONSIAM,GF,https://www.google.com/maps/search/?api=1&query=One%20to%20Two%20ICONSIAM%20Bangkok%20Thailand,"https://www.google.com/maps/preview/place/1:2+Coffee+-+Iconsiam+%E0%B8%A8%E0%B8%B9%E0%B8%99%E0%B8%A2%E0%B9%8C%E0%B8%81%E0%B8%B2%E0%B8%A3%E0%B8%84%E0%B9%89%E0%B8%B2%E0%B9%84%E0%B8%AD%E0%B8%84%E0%B8%AD%E0%B8%99%E0%B8%AA%E0%B8%A2%E0%B8%B2%E0%B8%A1+%E0%B8%AB%E0%B9%89%E0%B8%AD%E0%B8%87%E0%B9%80%E0%B8%A5%E0%B8%82%E0%B8%97%E0%B8%B5%E0%B9%88+K411-K412+%E0%B8%8A%E0%B8%B1%E0%B9%89%E0%B8%994+%E0%B9%80%E0%B8%A5%E0%B8%82%E0%B8%97%E0%B8%B5%E0%B9%88299+%E0%B8%96.+%E0%B9%80%E0%B8%88%E0%B8%A3%E0%B8%B4%E0%B8%8D%E0%B8%99%E0%B8%84%E0%B8%A3+%E0%B9%81%E0%B8%82%E0%B8%A7%E0%B8%87%E0%B8%84%E0%B8%A5%E0%B8%AD%E0%B8%87%E0%B8%95%E0%B9%89%E0%B8%99%E0%B9%84%E0%B8%97%E0%B8%A3+%E0%B8%84%E0%B8%A5%E0%B8%AD%E0%B8%87%E0%B8%AA%E0%B8%B2%E0%B8%99+%E0%B8%81%E0%B8%A3%E0%B8%B8%E0%B8%87%E0%B9%80%E0%B8%97%E0%B8%9E%E0%B8%A1%E0%B8%AB%E0%B8%B2%E0%B8%99%E0%B8%84%E0%B8%A3+10600/@13.7263162,100.5100498,3876a,13.1y/data=!4m2!3m1!1s0x30e2991849e4b079:0xbe409d4b1c414cd6",ชื่อที่พบ: 1:2 Coffee - Iconsiam
Pun Rukrea,เครื่องดื่ม,ICONSIAM,GF,https://www.google.com/maps/search/?api=1&query=Pun%20Rukrea%20ICONSIAM%20Bangkok%20Thailand,,ร้านปิดไปแล้วเอาออกหน่อย
Shao Loong Kan,อาหารจีน,ICONSIAM,GF,https://www.google.com/maps/search/?api=1&query=Shao%20Loong%20Kan%20ICONSIAM%20Bangkok%20Thailand,"https://www.google.com/maps/preview/place/%E0%B9%80%E0%B8%AA%E0%B8%B5%E0%B9%88%E0%B8%A2%E0%B8%A7%E0%B8%AB%E0%B8%A5%E0%B8%87%E0%B8%82%E0%B9%88%E0%B8%B2%E0%B8%99+%E0%B9%84%E0%B8%AD%E0%B8%84%E0%B8%AD%E0%B8%99%E0%B8%AA%E0%B8%A2%E0%B8%B2%E0%B8%A1+%E5%B0%8F%E9%BE%99%E5%9D%8E%E6%B3%B0%E5%9B%BD%E6%9B%BC%E8%B0%B7+%E0%B9%84%E0%B8%AD%E0%B8%84%E0%B8%AD%E0%B8%99%E0%B8%AA%E0%B8%A2%E0%B8%B2%E0%B8%A1+%E0%B8%8A%E0%B8%B1%E0%B9%89%E0%B8%99+UG+%E0%B9%81%E0%B8%82%E0%B8%A7%E0%B8%87%E0%B8%84%E0%B8%A5%E0%B8%AD%E0%B8%87%E0%B8%95%E0%B9%89%E0%B8%99%E0%B9%84%E0%B8%97%E0%B8%A3+%E0%B8%84%E0%B8%A5%E0%B8%AD%E0%B8%87%E0%B8%AA%E0%B8%B2%E0%B8%99+%E0%B8%81%E0%B8%A3%E0%B8%B8%E0%B8%87%E0%B9%80%E0%B8%97%E0%B8%9E%E0%B8%A1%E0%B8%AB%E0%B8%B2%E0%B8%99%E0%B8%84%E0%B8%A3+10600/@13.7261037,100.5095143,3876a,13.1y/data=!4m2!3m1!1s0x30e29971203c5295:0xfcaea20c0435a6ef",พบ Google Maps สาขา GF
Siam Maningue,อาหารไทย,ICONSIAM,GF,https://www.google.com/maps/search/?api=1&query=Siam%20Maningue%20ICONSIAM%20Bangkok%20Thailand,,ร้านปิดไปแล้วเอาออกหน่อย
Sofuto,ขนมหวาน,ICONSIAM,GF,https://www.google.com/maps/search/?api=1&query=Sofuto%20ICONSIAM%20Bangkok%20Thailand,,ร้านปิดไปแล้วเอาออกหน่อย
Soso Coffee,เครื่องดื่ม,ICONSIAM,GF,https://www.google.com/maps/search/?api=1&query=Soso%20Coffee%20ICONSIAM%20Bangkok%20Thailand,"https://www.google.com/maps/preview/place/SOSO+COFFEE+(ICONSIAM)+%E0%B9%82%E0%B8%8B%E0%B9%82%E0%B8%8B%E0%B9%88+%E0%B8%84%E0%B8%AD%E0%B8%9F%E0%B8%9F%E0%B8%B5%E0%B9%88+(%E0%B9%84%E0%B8%AD%E0%B8%84%E0%B8%AD%E0%B8%99%E0%B8%AA%E0%B8%A2%E0%B8%B2%E0%B8%A1)+ICONSIAM+%E0%B8%8A%E0%B8%B1%E0%B9%89%E0%B8%99+5+%E0%B9%81%E0%B8%82%E0%B8%A7%E0%B8%87%E0%B8%84%E0%B8%A5%E0%B8%AD%E0%B8%87%E0%B8%95%E0%B9%89%E0%B8%99%E0%B9%84%E0%B8%97%E0%B8%A3+%E0%B8%84%E0%B8%A5%E0%B8%AD%E0%B8%87%E0%B8%AA%E0%B8%B2%E0%B8%99+%E0%B8%81%E0%B8%A3%E0%B8%B8%E0%B8%87%E0%B9%80%E0%B8%97%E0%B8%9E%E0%B8%A1%E0%B8%AB%E0%B8%B2%E0%B8%99%E0%B8%84%E0%B8%A3+10600/@13.7264727,100.5106186,3876a,13.1y/data=!4m2!3m1!1s0x30e299d6d9f1bd65:0xe811728201c15a5d",พบ Google Maps สาขา GF
Tonkatsu Wako,อาหารญี่ปุ่น,ICONSIAM,GF,https://www.google.com/maps/search/?api=1&query=Tonkatsu%20Wako%20ICONSIAM%20Bangkok%20Thailand,"https://www.google.com/maps/preview/place/%E0%B8%97%E0%B8%87%E0%B8%84%E0%B8%B1%E0%B8%95%E0%B8%AA%E0%B8%B6+%E0%B8%A7%E0%B8%B2%E0%B9%82%E0%B8%81+%E0%B9%84%E0%B8%AD%E0%B8%84%E0%B8%AD%E0%B8%99%E0%B8%AA%E0%B8%A2%E0%B8%B2%E0%B8%A1+6th+Floor+Icon+Siam+shopping+mall,+%E0%B9%81%E0%B8%82%E0%B8%A7%E0%B8%87%E0%B8%84%E0%B8%A5%E0%B8%AD%E0%B8%87%E0%B8%95%E0%B9%89%E0%B8%99%E0%B9%84%E0%B8%97%E0%B8%A3+%E0%B8%84%E0%B8%A5%E0%B8%AD%E0%B8%87%E0%B8%AA%E0%B8%B2%E0%B8%99+%E0%B8%81%E0%B8%A3%E0%B8%B8%E0%B8%87%E0%B9%80%E0%B8%97%E0%B8%9E%E0%B8%A1%E0%B8%AB%E0%B8%B2%E0%B8%99%E0%B8%84%E0%B8%A3+10600/@13.7269103,100.5104784,3876a,13.1y/data=!4m2!3m1!1s0x30e299286e3a92c5:0x190b0be61787c31f",พบ Google Maps สาขา GF
Twopee’s,ขนมหวาน,ICONSIAM,GF,https://www.google.com/maps/search/?api=1&query=Twopee%E2%80%99s%20ICONSIAM%20Bangkok%20Thailand,,ร้านปิดไปแล้วเอาออกหน่อย
Unagi Toku,อาหารญี่ปุ่น,ICONSIAM,GF,https://www.google.com/maps/search/?api=1&query=Unagi%20Toku%20ICONSIAM%20Bangkok%20Thailand,"https://www.google.com/maps/preview/place/Unagi+toku,+299+4FL+Rod,+Siam+Takashimaya+5+Soi+Charoen+Nakhyon+%E0%B9%81%E0%B8%82%E0%B8%A7%E0%B8%87%E0%B8%84%E0%B8%A5%E0%B8%AD%E0%B8%87%E0%B8%95%E0%B9%89%E0%B8%99%E0%B9%84%E0%B8%97%E0%B8%A3+%E0%B8%84%E0%B8%A5%E0%B8%AD%E0%B8%87%E0%B8%AA%E0%B8%B2%E0%B8%99+%E0%B8%81%E0%B8%A3%E0%B8%B8%E0%B8%87%E0%B9%80%E0%B8%97%E0%B8%9E%E0%B8%A1%E0%B8%AB%E0%B8%B2%E0%B8%99%E0%B8%84%E0%B8%A3+10600/@13.7268649,100.5098686,3876a,13.1y/data=!4m2!3m1!1s0x30e299175ea4d053:0x3eac94d139b855f",พบ Google Maps สาขา GF
Unatoto,อาหารญี่ปุ่น,ICONSIAM,GF,https://www.google.com/maps/search/?api=1&query=Unatoto%20ICONSIAM%20Bangkok%20Thailand,,ร้านปิดไปแล้วเอาออกหน่อย
Uno Mas,อาหารตะวันตก,ICONSIAM,GF,https://www.google.com/maps/search/?api=1&query=Uno%20Mas%20ICONSIAM%20Bangkok%20Thailand,,ร้านปิดไปแล้วเอาออกหน่อย
Van Hart,เครื่องดื่ม,ICONSIAM,GF,https://www.google.com/maps/search/?api=1&query=Van%20Hart%20ICONSIAM%20Bangkok%20Thailand,"https://www.google.com/maps/preview/place/Van+Hart+Organic+Coffee+ICONSIAM+-+Takashimaya+4+Floor,+299+%E0%B8%96.+%E0%B9%80%E0%B8%88%E0%B8%A3%E0%B8%B4%E0%B8%8D%E0%B8%99%E0%B8%84%E0%B8%A3+%E0%B9%81%E0%B8%82%E0%B8%A7%E0%B8%87%E0%B8%84%E0%B8%A5%E0%B8%AD%E0%B8%87%E0%B8%95%E0%B9%89%E0%B8%99%E0%B9%84%E0%B8%97%E0%B8%A3+%E0%B8%84%E0%B8%A5%E0%B8%AD%E0%B8%87%E0%B8%AA%E0%B8%B2%E0%B8%99+%E0%B8%81%E0%B8%A3%E0%B8%B8%E0%B8%87%E0%B9%80%E0%B8%97%E0%B8%9E%E0%B8%A1%E0%B8%AB%E0%B8%B2%E0%B8%99%E0%B8%84%E0%B8%A3+10600/@13.7271507,100.509551,3876a,13.1y/data=!4m2!3m1!1s0x30e299c313dc4b2b:0x98c15e5b64be1427",พบ Google Maps สาขา GF
Bang Rak Yok Shi,อาหารไทย,ICS,4F,https://www.google.com/maps/search/?api=1&query=Bang%20Rak%20Yok%20Shi%20ICS%20Bangkok%20Thailand,,ร้านปิดไปแล้วเอาออกหน่อย
Chuan Chim Chicken Noodles,อาหารไทย,ICS,4F,https://www.google.com/maps/search/?api=1&query=Chuan%20Chim%20Chicken%20Noodles%20ICS%20Bangkok%20Thailand,,ร้านปิดไปแล้วเอาออกหน่อย
Chuan Chim Cook-to-order,อาหารไทย,ICS,4F,https://www.google.com/maps/search/?api=1&query=Chuan%20Chim%20Cook-to-order%20ICS%20Bangkok%20Thailand,,ร้านปิดไปแล้วเอาออกหน่อย
DORIMUNKAI,อาหารญี่ปุ่น,ICS,4F,https://www.google.com/maps/search/?api=1&query=DORIMUNKAI%20ICS%20Bangkok%20Thailand,,ร้านปิดไปแล้วเอาออกหน่อย
Giant Exploding Fish Balls,อาหารไทย,ICS,4F,https://www.google.com/maps/search/?api=1&query=Giant%20Exploding%20Fish%20Balls%20ICS%20Bangkok%20Thailand,,ร้านปิดไปแล้วเอาออกหน่อย
Guay Jub Damnoen,อาหารไทย,ICS,4F,https://www.google.com/maps/search/?api=1&query=Guay%20Jub%20Damnoen%20ICS%20Bangkok%20Thailand,,ร้านปิดไปแล้วเอาออกหน่อย
Hopsy Thai Wild Tea,เครื่องดื่ม,ICS,4F,https://www.google.com/maps/search/?api=1&query=Hopsy%20Thai%20Wild%20Tea%20ICS%20Bangkok%20Thailand,https://www.thebangkokinsight.com/news/business/1676489/,ไม่พบ Google Maps; แหล่งปัจจุบันระบุ HOPSY THAI WILD TEA ที่ ICS
Jame Pad Kra Pao Tray,อาหารไทย,ICS,4F,https://www.google.com/maps/search/?api=1&query=Jame%20Pad%20Kra%20Pao%20Tray%20ICS%20Bangkok%20Thailand,,ร้านปิดไปแล้วเอาออกหน่อย
Khon Chiang Khon Prung,อาหารไทย,ICS,4F,https://www.google.com/maps/search/?api=1&query=Khon%20Chiang%20Khon%20Prung%20ICS%20Bangkok%20Thailand,,ร้านปิดไปแล้วเอาออกหน่อย
Ko Dom Braised Duck,อาหารจีน,ICS,4F,https://www.google.com/maps/search/?api=1&query=Ko%20Dom%20Braised%20Duck%20ICS%20Bangkok%20Thailand,,ร้านปิดไปแล้วเอาออกหน่อย
La Yaowarat Fish Balls,อาหารไทย,ICS,4F,https://www.google.com/maps/search/?api=1&query=La%20Yaowarat%20Fish%20Balls%20ICS%20Bangkok%20Thailand,,ร้านปิดไปแล้วเอาออกหน่อย
Mae Klong Champion Pad Thai,อาหารไทย,ICS,4F,https://www.google.com/maps/search/?api=1&query=Mae%20Klong%20Champion%20Pad%20Thai%20ICS%20Bangkok%20Thailand,,ร้านปิดไปแล้วเอาออกหน่อย
Moo Ping Thailand,อาหารไทย,ICS,4F,https://www.google.com/maps/search/?api=1&query=Moo%20Ping%20Thailand%20ICS%20Bangkok%20Thailand,,ร้านปิดไปแล้วเอาออกหน่อย
Nai Chai Chicken in Gravy on Rice,อาหารไทย,ICS,4F,https://www.google.com/maps/search/?api=1&query=Nai%20Chai%20Chicken%20in%20Gravy%20on%20Rice%20ICS%20Bangkok%20Thailand,,ร้านปิดไปแล้วเอาออกหน่อย
Niyom Rues Boat Noodles,อาหารไทย,ICS,4F,https://www.google.com/maps/search/?api=1&query=Niyom%20Rues%20Boat%20Noodles%20ICS%20Bangkok%20Thailand,"https://www.google.com/maps/preview/place/%E0%B8%8A%E0%B8%B1%E0%B9%89%E0%B8%99+4+%E0%B9%80%E0%B8%95%E0%B8%B5%E0%B9%8B%E0%B8%A2%E0%B8%A7%E0%B9%80%E0%B8%A3%E0%B8%B7%E0%B8%AD%E0%B9%80%E0%B8%AA%E0%B8%B2%E0%B8%A7%E0%B8%A3%E0%B8%B5%E0%B8%A2%E0%B9%8C+@+ICS,+%E0%B9%80%E0%B8%A5%E0%B8%82%E0%B8%97%E0%B8%B5%E0%B9%88+168+%E0%B8%96.+%E0%B9%80%E0%B8%88%E0%B8%A3%E0%B8%B4%E0%B8%8D%E0%B8%99%E0%B8%84%E0%B8%A3+%E0%B9%81%E0%B8%82%E0%B8%A7%E0%B8%87%E0%B8%84%E0%B8%A5%E0%B8%AD%E0%B8%87%E0%B8%95%E0%B9%89%E0%B8%99%E0%B9%84%E0%B8%97%E0%B8%A3+%E0%B8%84%E0%B8%A5%E0%B8%AD%E0%B8%87%E0%B8%AA%E0%B8%B2%E0%B8%99+%E0%B8%81%E0%B8%A3%E0%B8%B8%E0%B8%87%E0%B9%80%E0%B8%97%E0%B8%9E%E0%B8%A1%E0%B8%AB%E0%B8%B2%E0%B8%99%E0%B8%84%E0%B8%A3+10600/@13.7263048,100.5083867,3876a,13.1y/data=!4m2!3m1!1s0x30e29906c0bc99a1:0xbb3186de80f82521",ชื่อที่พบ: เตี๋ยวเรือเสาวรีย์ @ ICS
Pi Ka Nong Curry Rice,อาหารไทย,ICS,4F,https://www.google.com/maps/search/?api=1&query=Pi%20Ka%20Nong%20Curry%20Rice%20ICS%20Bangkok%20Thailand,,ร้านปิดไปแล้วเอาออกหน่อย
Porn Siam,อาหารไทย,ICS,4F,https://www.google.com/maps/search/?api=1&query=Porn%20Siam%20ICS%20Bangkok%20Thailand,,ร้านปิดไปแล้วเอาออกหน่อย
Prawn Waree,เครื่องดื่ม,ICS,4F,https://www.google.com/maps/search/?api=1&query=Prawn%20Waree%20ICS%20Bangkok%20Thailand,,ร้านปิดไปแล้วเอาออกหน่อย
Rad Na Kieng Empire,อาหารไทย,ICS,4F,https://www.google.com/maps/search/?api=1&query=Rad%20Na%20Kieng%20Empire%20ICS%20Bangkok%20Thailand,,ร้านปิดไปแล้วเอาออกหน่อย
Rich’s Me Drink,เครื่องดื่ม,ICS,4F,https://www.google.com/maps/search/?api=1&query=Rich%E2%80%99s%20Me%20Drink%20ICS%20Bangkok%20Thailand,,ร้านปิดไปแล้วเอาออกหน่อย
Rosrangsan,อาหารไทย,ICS,4F,https://www.google.com/maps/search/?api=1&query=Rosrangsan%20ICS%20Bangkok%20Thailand,,ร้านปิดไปแล้วเอาออกหน่อย
Sakon Nakhon,อาหารไทย,ICS,4F,https://www.google.com/maps/search/?api=1&query=Sakon%20Nakhon%20ICS%20Bangkok%20Thailand,,ร้านปิดไปแล้วเอาออกหน่อย
Sane Siam,อาหารไทย,ICS,4F,https://www.google.com/maps/search/?api=1&query=Sane%20Siam%20ICS%20Bangkok%20Thailand,"https://www.google.com/maps/preview/place/%E0%B9%80%E0%B8%AA%E0%B8%99%E0%B9%88%E0%B8%AB%E0%B9%8C%E0%B8%82%E0%B8%99%E0%B8%A1%E0%B8%88%E0%B8%B5%E0%B8%99+%E0%B8%AA%E0%B8%B2%E0%B8%82%E0%B8%B2+3+(ICS)+168+%E0%B8%96.+%E0%B9%80%E0%B8%88%E0%B8%A3%E0%B8%B4%E0%B8%8D%E0%B8%99%E0%B8%84%E0%B8%A3+%E0%B9%81%E0%B8%82%E0%B8%A7%E0%B8%87%E0%B8%84%E0%B8%A5%E0%B8%AD%E0%B8%87%E0%B8%95%E0%B9%89%E0%B8%99%E0%B9%84%E0%B8%97%E0%B8%A3+%E0%B8%84%E0%B8%A5%E0%B8%AD%E0%B8%87%E0%B8%AA%E0%B8%B2%E0%B8%99+%E0%B8%81%E0%B8%A3%E0%B8%B8%E0%B8%87%E0%B9%80%E0%B8%97%E0%B8%9E%E0%B8%A1%E0%B8%AB%E0%B8%B2%E0%B8%99%E0%B8%84%E0%B8%A3+10600/@13.7264398,100.508607,3876a,13.1y/data=!4m2!3m1!1s0x30e29973e84c957b:0xc8b764f84405e76e",ชื่อที่พบ: เสน่ห์ขนมจีน สาขา 3 (ICS); โปรดตรวจว่าเป็นร้านเดียวกับ Sane Siam
Sanekhamjorn,อาหารไทย,ICS,4F,https://www.google.com/maps/search/?api=1&query=Sanekhamjorn%20ICS%20Bangkok%20Thailand,,ร้านปิดไปแล้วเอาออกหน่อย
Seng Sim Ee,ขนมหวาน,ICS,4F,https://www.google.com/maps/search/?api=1&query=Seng%20Sim%20Ee%20ICS%20Bangkok%20Thailand,,ร้านปิดไปแล้วเอาออกหน่อย
Shabu Skewers,ชาบู/ปิ้งย่าง,ICS,4F,https://www.google.com/maps/search/?api=1&query=Shabu%20Skewers%20ICS%20Bangkok%20Thailand,,ร้านปิดไปแล้วเอาออกหน่อย
So Vegan,อาหารวีแกน,ICS,4F,https://www.google.com/maps/search/?api=1&query=So%20Vegan%20ICS%20Bangkok%20Thailand,"https://www.google.com/maps/preview/place/168+%E0%B8%8A%E0%B8%B1%E0%B9%89%E0%B8%994+So+Vegan+(%E0%B9%82%E0%B8%8B%E0%B8%A7%E0%B8%B5%E0%B9%81%E0%B8%81%E0%B8%99)+-+ICS+%E0%B8%AB%E0%B9%89%E0%B8%B2%E0%B8%87%E0%B9%84%E0%B8%AD%E0%B8%8B%E0%B8%B5%E0%B9%80%E0%B8%AD%E0%B8%AA+%E0%B8%A8%E0%B8%B9%E0%B8%99%E0%B8%A2%E0%B9%8C%E0%B8%AD%E0%B8%B2%E0%B8%AB%E0%B8%B2%E0%B8%A3Lotus%E2%80%99s+Eatery+%E0%B9%81%E0%B8%82%E0%B8%A7%E0%B8%87%E0%B8%84%E0%B8%A5%E0%B8%AD%E0%B8%87%E0%B8%95%E0%B9%89%E0%B8%99%E0%B9%84%E0%B8%97%E0%B8%A3+%E0%B8%84%E0%B8%A5%E0%B8%AD%E0%B8%87%E0%B8%AA%E0%B8%B2%E0%B8%99+%E0%B8%81%E0%B8%A3%E0%B8%B8%E0%B8%87%E0%B9%80%E0%B8%97%E0%B8%9E%E0%B8%A1%E0%B8%AB%E0%B8%B2%E0%B8%99%E0%B8%84%E0%B8%A3+10600/@13.7263986,100.5087387,3876a,13.1y/data=!4m2!3m1!1s0x30e299aa7aba45dd:0x76c0b20a1dd1b5a",พบ Google Maps สาขา 4F
Suki Maverick,ชาบู/ปิ้งย่าง,ICS,4F,https://www.google.com/maps/search/?api=1&query=Suki%20Maverick%20ICS%20Bangkok%20Thailand,,ร้านปิดไปแล้วเอาออกหน่อย
Tang Charoen,อาหารไทย,ICS,4F,https://www.google.com/maps/search/?api=1&query=Tang%20Charoen%20ICS%20Bangkok%20Thailand,,ร้านปิดไปแล้วเอาออกหน่อย
Tha Wang Tom Yum Yan Ta Fo,อาหารไทย,ICS,4F,https://www.google.com/maps/search/?api=1&query=Tha%20Wang%20Tom%20Yum%20Yan%20Ta%20Fo%20ICS%20Bangkok%20Thailand,,ร้านปิดไปแล้วเอาออกหน่อย
Thip Siam,อาหารไทย,ICS,4F,https://www.google.com/maps/search/?api=1&query=Thip%20Siam%20ICS%20Bangkok%20Thailand,,ร้านปิดไปแล้วเอาออกหน่อย
Torimaru,อาหารญี่ปุ่น,ICS,4F,https://www.google.com/maps/search/?api=1&query=Torimaru%20ICS%20Bangkok%20Thailand,,ร้านปิดไปแล้วเอาออกหน่อย
Viet Cuisine,อาหารเวียดนาม,ICS,4F,https://www.google.com/maps/search/?api=1&query=Viet%20Cuisine%20ICS%20Bangkok%20Thailand,,ร้านปิดไปแล้วเอาออกหน่อย
Bowcake,ขนมหวาน,ICS,G / Grab & Go,https://www.google.com/maps/search/?api=1&query=Bowcake%20ICS%20Bangkok%20Thailand,"https://www.google.com/maps/preview/place/Bowcake+%E0%B9%82%E0%B8%9A%E0%B8%A7%E0%B9%8C%E0%B9%80%E0%B8%84%E0%B9%89%E0%B8%81+%E0%B8%AD%E0%B8%B2%E0%B8%84%E0%B8%B2%E0%B8%A3+ICS+%E0%B9%80%E0%B8%88%E0%B8%A3%E0%B8%B4%E0%B8%8D%E0%B8%99%E0%B8%84%E0%B8%A3+168+%E0%B8%96.+%E0%B9%80%E0%B8%88%E0%B8%A3%E0%B8%B4%E0%B8%8D%E0%B8%99%E0%B8%84%E0%B8%A3+%E0%B9%81%E0%B8%82%E0%B8%A7%E0%B8%87%E0%B8%84%E0%B8%A5%E0%B8%AD%E0%B8%87%E0%B8%95%E0%B9%89%E0%B8%99%E0%B9%84%E0%B8%97%E0%B8%A3+%E0%B8%84%E0%B8%A5%E0%B8%AD%E0%B8%87%E0%B8%AA%E0%B8%B2%E0%B8%99+%E0%B8%81%E0%B8%A3%E0%B8%B8%E0%B8%87%E0%B9%80%E0%B8%97%E0%B8%9E%E0%B8%A1%E0%B8%AB%E0%B8%B2%E0%B8%99%E0%B8%84%E0%B8%A3+10600/@13.7263008,100.5083145,3876a,13.1y/data=!4m2!3m1!1s0x222fea0b959be7a1:0x3e57ef56483e0a94",พบ Google Maps สาขา G / Grab & Go
Cha Tuk Jelly,เครื่องดื่ม,ICS,G / Grab & Go,https://www.google.com/maps/search/?api=1&query=Cha%20Tuk%20Jelly%20ICS%20Bangkok%20Thailand,https://www.thebangkokinsight.com/news/business/1676489/,ไม่พบ Google Maps; ชื่อที่พบในรายชื่อปัจจุบัน: ชาตักวุ้น / Cha Tak Wun
Dou Soymilk,เครื่องดื่ม,ICS,G / Grab & Go,https://www.google.com/maps/search/?api=1&query=Dou%20Soymilk%20ICS%20Bangkok%20Thailand,,ร้านปิดไปแล้วเอาออกหน่อย
Healthy Food Home Made,อาหารสุขภาพ,ICS,G / Grab & Go,https://www.google.com/maps/search/?api=1&query=Healthy%20Food%20Home%20Made%20ICS%20Bangkok%20Thailand,,ร้านปิดไปแล้วเอาออกหน่อย
Hello Yogurt,ขนมหวาน,ICS,G / Grab & Go,https://www.google.com/maps/search/?api=1&query=Hello%20Yogurt%20ICS%20Bangkok%20Thailand,https://www.instagram.com/hello.yogurt/,ไม่พบ Google Maps; ใช้ Instagram ของแบรนด์ และมีแหล่งปัจจุบันระบุสาขา ICS
Makeai Sausage,ของทานเล่น,ICS,G / Grab & Go,https://www.google.com/maps/search/?api=1&query=Makeai%20Sausage%20ICS%20Bangkok%20Thailand,,ร้านปิดไปแล้วเอาออกหน่อย
Maru Waffle,ขนมหวาน,ICS,G / Grab & Go,https://www.google.com/maps/search/?api=1&query=Maru%20Waffle%20ICS%20Bangkok%20Thailand,"https://www.google.com/maps/preview/place/Maru+Waffle+x+Tokyo+Boyz+-+ICS,+168+%E0%B8%96.+%E0%B9%80%E0%B8%88%E0%B8%A3%E0%B8%B4%E0%B8%8D%E0%B8%99%E0%B8%84%E0%B8%A3+%E0%B9%81%E0%B8%82%E0%B8%A7%E0%B8%87%E0%B8%84%E0%B8%A5%E0%B8%AD%E0%B8%87%E0%B8%95%E0%B9%89%E0%B8%99%E0%B9%84%E0%B8%97%E0%B8%A3+%E0%B8%84%E0%B8%A5%E0%B8%AD%E0%B8%87%E0%B8%AA%E0%B8%B2%E0%B8%99+%E0%B8%81%E0%B8%A3%E0%B8%B8%E0%B8%87%E0%B9%80%E0%B8%97%E0%B8%9E%E0%B8%A1%E0%B8%AB%E0%B8%B2%E0%B8%99%E0%B8%84%E0%B8%A3+10600/@13.7262704,100.5082479,3876a,13.1y/data=!4m2!3m1!1s0x30e299001e996f37:0x39a18bdbf2017a7f",ชื่อที่พบ: Maru Waffle x Tokyo Boyz - ICS
Milletre,เครื่องดื่ม,ICS,G / Grab & Go,https://www.google.com/maps/search/?api=1&query=Milletre%20ICS%20Bangkok%20Thailand,"https://www.google.com/maps/preview/place/Millilitre+ICS+Complex+168+%E0%B8%96.+%E0%B9%80%E0%B8%88%E0%B8%A3%E0%B8%B4%E0%B8%8D%E0%B8%99%E0%B8%84%E0%B8%A3+%E0%B9%81%E0%B8%82%E0%B8%A7%E0%B8%87%E0%B8%84%E0%B8%A5%E0%B8%AD%E0%B8%87%E0%B8%95%E0%B9%89%E0%B8%99%E0%B9%84%E0%B8%97%E0%B8%A3+%E0%B8%84%E0%B8%A5%E0%B8%AD%E0%B8%87%E0%B8%AA%E0%B8%B2%E0%B8%99+%E0%B8%81%E0%B8%A3%E0%B8%B8%E0%B8%87%E0%B9%80%E0%B8%97%E0%B8%9E%E0%B8%A1%E0%B8%AB%E0%B8%B2%E0%B8%99%E0%B8%84%E0%B8%A3+10600/@13.7262704,100.5082479,3876a,13.1y/data=!4m2!3m1!1s0x30e299b45ca457b9:0x2cf5480665f53753",ชื่อที่พบ: Millilitre (แก้จาก Milletre)
Molto,ขนมหวาน,ICS,G / Grab & Go,https://www.google.com/maps/search/?api=1&query=Molto%20ICS%20Bangkok%20Thailand,"https://www.google.com/maps/preview/place/Molto+Gelato+%E0%B8%AA%E0%B8%B2%E0%B8%82%E0%B8%B2+ICS+168+%E0%B8%96.+%E0%B9%80%E0%B8%88%E0%B8%A3%E0%B8%B4%E0%B8%8D%E0%B8%99%E0%B8%84%E0%B8%A3+%E0%B9%81%E0%B8%82%E0%B8%A7%E0%B8%87%E0%B8%84%E0%B8%A5%E0%B8%AD%E0%B8%87%E0%B8%95%E0%B9%89%E0%B8%99%E0%B9%84%E0%B8%97%E0%B8%A3+%E0%B8%84%E0%B8%A5%E0%B8%AD%E0%B8%87%E0%B8%AA%E0%B8%B2%E0%B8%99+%E0%B8%81%E0%B8%A3%E0%B8%B8%E0%B8%87%E0%B9%80%E0%B8%97%E0%B8%9E%E0%B8%A1%E0%B8%AB%E0%B8%B2%E0%B8%99%E0%B8%84%E0%B8%A3+10600/@13.726305,100.5083865,3876a,13.1y/data=!4m2!3m1!1s0x30e2993c366af63d:0xa269e9d21f80ab32",ชื่อที่พบ: Molto Gelato สาขา ICS
Salapao Tublee Prakaychan,อาหารจีน,ICS,G / Grab & Go,https://www.google.com/maps/search/?api=1&query=Salapao%20Tublee%20Prakaychan%20ICS%20Bangkok%20Thailand,,ร้านปิดไปแล้วเอาออกหน่อย
SOOO’s,ของทานเล่น,ICS,G / Grab & Go,https://www.google.com/maps/search/?api=1&query=SOOO%E2%80%99s%20ICS%20Bangkok%20Thailand,,ร้านปิดไปแล้วเอาออกหน่อย
7-Eleven,อื่นๆ,ICS,GF,https://www.google.com/maps/search/?api=1&query=7-Eleven%20ICS%20Bangkok%20Thailand,,ร้านปิดไปแล้วเอาออกหน่อย
Kungbao Seafood,อาหารทะเล,ICS,GF,https://www.google.com/maps/search/?api=1&query=Kungbao%20Seafood%20ICS%20Bangkok%20Thailand,,ร้านปิดไปแล้วเอาออกหน่อย
Nai Ek Noodle,อาหารจีน,ICS,GF,https://www.google.com/maps/search/?api=1&query=Nai%20Ek%20Noodle%20ICS%20Bangkok%20Thailand,"https://www.google.com/maps/preview/place/%E0%B8%A3%E0%B9%89%E0%B8%B2%E0%B8%99%E0%B8%81%E0%B9%8B%E0%B8%A7%E0%B8%A2%E0%B9%80%E0%B8%95%E0%B8%B5%E0%B9%8B%E0%B8%A2%E0%B8%A7%E0%B8%95%E0%B8%B3%E0%B8%A5%E0%B8%B6%E0%B8%87%E0%B8%99%E0%B8%B2%E0%B8%A2%E0%B9%80%E0%B8%AD%E0%B8%81+@ICS,+%E0%B9%80%E0%B8%A5%E0%B8%82%E0%B8%97%E0%B8%B5%E0%B9%88+205+%E0%B8%8A%E0%B8%B1%E0%B9%89%E0%B8%99+2+%E0%B8%AD%E0%B8%B2%E0%B8%84%E0%B8%B2%E0%B8%A3+ICS+%E0%B8%AB%E0%B9%89%E0%B8%B2%E0%B8%87%E0%B8%AA%E0%B8%A3%E0%B8%A3%E0%B8%9E%E0%B8%AA%E0%B8%B4%E0%B8%99%E0%B8%84%E0%B9%89%E0%B8%B2+ICS+Lifestyle+Complex,+%E0%B8%96.+%E0%B9%80%E0%B8%88%E0%B8%A3%E0%B8%B4%E0%B8%8D%E0%B8%99%E0%B8%84%E0%B8%A3+%E0%B9%81%E0%B8%82%E0%B8%A7%E0%B8%87%E0%B8%84%E0%B8%A5%E0%B8%AD%E0%B8%87%E0%B8%95%E0%B9%89%E0%B8%99%E0%B9%84%E0%B8%97%E0%B8%A3+%E0%B8%84%E0%B8%A5%E0%B8%AD%E0%B8%87%E0%B8%AA%E0%B8%B2%E0%B8%99+%E0%B8%81%E0%B8%A3%E0%B8%B8%E0%B8%87%E0%B9%80%E0%B8%97%E0%B8%9E%E0%B8%A1%E0%B8%AB%E0%B8%B2%E0%B8%99%E0%B8%84%E0%B8%A3+10600/@13.7263721,100.5084802,3876a,13.1y/data=!4m2!3m1!1s0x30e29900749f911b:0x5a48da7443dd61e4",ชื่อที่พบ: ก๋วยเตี๋ยวตำลึงนายเอก @ICS
QQ Dessert,ขนมหวาน,ICS,GF,https://www.google.com/maps/search/?api=1&query=QQ%20Dessert%20ICS%20Bangkok%20Thailand,https://www.wongnai.com/restaurants/2247567tw-qq-dessert-ics,ไม่พบ Google Maps; ใช้หน้าร้าน Wongnai ที่ระบุ ICS ชั้น G
RosCharoen,อาหารไทย,ICS,GF,https://www.google.com/maps/search/?api=1&query=RosCharoen%20ICS%20Bangkok%20Thailand,,ร้านปิดไปแล้วเอาออกหน่อย
Shabushi,ชาบู/ปิ้งย่าง,ICS,GF,https://www.google.com/maps/search/?api=1&query=Shabushi%20ICS%20Bangkok%20Thailand,,ร้านปิดไปแล้วเอาออกหน่อย
Subway,ฟาสต์ฟู้ด,ICS,GF,https://www.google.com/maps/search/?api=1&query=Subway%20ICS%20Bangkok%20Thailand,,ร้านปิดไปแล้วเอาออกหน่อย
Yummy,อาหารเกาหลี,ICS,GF,https://www.google.com/maps/search/?api=1&query=Yummy%20ICS%20Bangkok%20Thailand,"https://www.google.com/maps/preview/place/%E0%B8%8A%E0%B8%B1%E0%B9%89%E0%B8%99G+YONNY+%E9%B1%BC%E4%BD%A0+ICS+Lifestyle+Complex+ICS+%E0%B8%95%E0%B8%A3%E0%B8%87%E0%B8%82%E0%B9%89%E0%B8%B2%E0%B8%A1+Iconsaim+BTS+%E0%B8%8B%E0%B8%AD%E0%B8%A2+%E0%B9%80%E0%B8%88%E0%B8%A3%E0%B8%B4%E0%B8%8D%E0%B8%99%E0%B8%84%E0%B8%A3+%E0%B9%81%E0%B8%82%E0%B8%A7%E0%B8%87%E0%B8%84%E0%B8%A5%E0%B8%AD%E0%B8%87%E0%B8%95%E0%B9%89%E0%B8%99%E0%B9%84%E0%B8%97%E0%B8%A3+%E0%B8%84%E0%B8%A5%E0%B8%AD%E0%B8%87%E0%B8%AA%E0%B8%B2%E0%B8%99+%E0%B8%81%E0%B8%A3%E0%B8%B8%E0%B8%87%E0%B9%80%E0%B8%97%E0%B8%9E%E0%B8%A1%E0%B8%AB%E0%B8%B2%E0%B8%99%E0%B8%84%E0%B8%A3+10600/@13.7263562,100.508844,3876a,13.1y/data=!4m2!3m1!1s0x30e29925be2091fd:0x5d97fb35a1a836f0",ชื่อที่พบ: YONNY 鱼你 ICS; โปรดตรวจว่าเป็นร้านเดียวกับ Yummy
